t_sec,car,bus,truck,motorcycle,bicycle,pedestrian,vehicles_total
0,15.57,1.0,1.86,0.0,0.86,10.36,19.29
1,16.73,1.0,1.53,0.0,1.0,12.87,20.26
2,17.33,1.13,2.67,0.0,1.0,11.47,22.13
3,18.07,1.6,1.6,0.0,1.0,9.6,22.27
4,19.67,2.0,1.2,0.0,0.93,8.73,23.8
5,19.13,3.0,0.87,0.0,0.67,7.93,23.67
6,19.47,3.4,0.4,0.0,1.0,10.07,24.27
7,18.2,3.2,0.93,0.0,1.0,12.47,23.33
8,17.87,3.0,0.53,0.0,0.93,11.0,22.33
9,17.93,3.27,0.73,0.0,1.0,11.47,22.93
10,16.07,2.87,1.0,0.0,0.47,12.47,20.41
11,16.13,3.4,1.0,0.0,1.0,12.47,21.53
12,17.07,3.27,0.67,0.0,1.0,13.53,22.01
13,17.13,3.07,0.13,0.0,1.0,14.2,21.33
14,16.6,3.4,0.0,0.0,0.2,14.67,20.2
15,17.67,4.0,0.0,0.0,0.0,14.4,21.67
16,18.07,4.0,0.0,0.0,0.4,15.67,22.47
17,17.87,3.93,0.0,0.0,1.0,15.47,22.8
18,17.8,4.6,0.0,0.67,0.33,14.8,23.4
19,18.87,4.33,0.0,0.8,0.0,14.93,24.0
20,17.47,4.87,0.0,0.4,0.93,13.47,23.67
21,17.0,5.0,0.0,0.47,0.33,14.53,22.8
22,17.0,5.0,0.0,0.2,0.07,15.6,22.27
23,17.67,4.93,0.0,0.0,0.0,16.4,22.6
24,19.8,5.0,0.0,0.0,0.0,15.0,24.8
25,18.13,5.0,0.07,0.0,0.0,15.0,23.2
26,19.0,5.07,0.4,0.67,0.0,14.53,25.14
27,19.4,5.13,1.0,1.07,0.0,14.0,26.6
28,18.87,4.87,1.0,1.07,0.0,15.6,25.81
29,19.2,4.93,1.0,1.33,0.0,15.13,26.46
30,19.67,4.67,1.0,1.0,0.0,14.87,26.34
31,21.4,4.73,1.0,1.0,0.0,14.93,28.13
32,21.33,4.13,1.0,1.0,0.0,14.33,27.46
33,21.33,2.87,1.07,1.0,0.0,14.47,26.27
34,21.6,3.93,1.73,1.0,0.0,14.4,28.26
35,18.87,3.87,1.07,1.13,0.0,14.53,24.94
36,19.8,3.07,1.13,0.13,0.0,15.47,24.13
37,21.27,3.0,1.0,1.2,0.0,14.73,26.47
38,19.27,3.13,0.53,0.87,0.0,15.67,23.8
39,19.93,2.8,0.2,0.73,0.0,13.33,23.66
40,21.27,3.13,0.0,0.8,0.0,13.93,25.2
41,23.0,2.73,0.07,0.0,0.0,13.27,25.8
42,22.27,3.13,0.0,0.0,0.0,11.13,25.4
43,22.13,2.27,0.13,0.0,0.0,8.53,24.53
44,21.2,2.2,0.2,0.0,0.0,7.07,23.6
45,22.4,2.0,0.27,0.0,0.0,7.4,24.67
46,23.33,2.93,0.33,0.0,0.0,9.8,26.59
47,20.73,3.0,0.47,0.0,0.0,13.0,24.2
48,17.53,3.0,0.0,0.0,0.0,14.13,20.53
49,17.93,3.07,0.13,0.0,0.0,15.2,21.13
50,19.6,3.0,0.6,0.0,0.0,16.0,23.2
51,20.73,2.0,0.53,0.0,0.0,16.0,23.26
52,19.87,2.13,0.07,0.0,0.0,15.87,22.07
53,19.6,2.0,0.13,0.0,0.0,16.87,21.73
54,19.93,2.0,0.2,0.0,0.0,17.87,22.13
55,18.0,2.0,1.07,0.0,0.0,16.33,21.07
56,17.8,2.0,0.4,0.0,0.0,17.13,20.2
57,17.53,2.0,0.07,0.0,0.0,17.2,19.6
58,18.67,2.0,0.0,0.0,0.0,15.67,20.67
59,19.13,2.0,0.2,0.0,0.0,17.47,21.33
60,18.93,2.0,0.53,0.0,0.0,15.8,21.46
61,20.47,2.0,0.6,0.0,0.0,17.67,23.07
62,20.4,1.87,1.93,0.0,0.0,18.33,24.2
63,17.8,2.0,1.6,0.0,0.0,18.2,21.4
64,18.53,2.0,2.07,0.0,0.0,15.87,22.6
65,18.27,2.0,2.73,0.0,0.0,16.6,23.0
66,18.79,2.0,2.5,0.0,0.0,17.79,23.29
67,17.93,2.0,3.47,0.0,0.0,16.6,23.4
68,17.73,1.6,2.73,0.0,0.0,16.4,22.06
69,18.27,1.73,4.13,0.0,0.0,18.6,24.13
70,19.0,1.73,3.93,0.0,0.0,17.93,24.66
71,21.27,1.0,2.8,0.0,0.0,17.73,25.07
72,22.47,1.33,3.73,0.0,0.0,18.07,27.53
73,22.13,1.8,2.0,0.0,0.0,18.87,25.93
74,22.87,1.93,1.87,0.0,0.0,18.33,26.67
75,24.53,2.0,1.67,0.0,0.0,18.87,28.2
76,23.6,1.27,1.47,0.0,0.0,15.13,26.34
77,21.93,1.07,1.73,0.0,0.0,16.4,24.73
78,23.73,1.07,1.07,0.0,0.0,17.93,25.87
79,23.47,1.27,1.0,0.0,0.0,22.73,25.74
80,20.53,1.07,1.67,0.0,0.0,19.73,23.27
81,19.67,1.0,0.53,0.0,0.0,19.4,21.2
82,19.6,1.0,0.0,0.0,0.0,19.87,20.6
83,20.93,1.0,0.0,0.0,0.0,18.87,21.93
84,18.2,1.0,0.0,0.0,0.0,19.93,19.2
85,19.27,0.8,0.53,0.0,0.0,20.0,20.6
86,17.87,0.0,0.27,0.0,0.0,19.0,18.14
87,17.07,0.0,0.07,0.0,0.0,17.87,17.14
88,17.93,0.0,0.0,0.0,0.0,19.33,17.93
89,17.53,0.0,0.0,0.0,0.0,19.07,17.53
90,18.27,0.0,0.0,0.0,0.0,18.73,18.27
91,18.6,0.0,0.0,0.0,0.0,19.8,18.6
92,18.67,0.0,0.0,0.0,0.0,18.33,18.67
93,18.0,0.0,0.0,0.0,0.0,18.07,18.0
94,17.73,0.0,0.13,0.0,0.0,18.2,17.86
95,17.2,0.0,0.33,0.13,0.0,17.27,17.66
96,17.8,0.0,0.0,1.0,0.0,17.67,18.8
97,18.53,0.0,0.0,1.0,0.0,17.27,19.53
98,19.8,0.0,0.0,1.0,0.0,18.0,20.8
99,18.67,0.0,0.0,1.0,0.0,17.47,19.67
100,18.87,0.0,0.4,1.0,0.0,17.8,20.27
101,18.73,0.0,1.0,1.0,0.0,17.4,20.73
102,20.0,0.0,0.0,1.0,0.0,17.33,21.0
103,18.73,0.0,0.73,1.0,0.0,15.87,20.46
104,19.73,0.0,1.0,1.0,0.0,17.67,21.73
105,20.73,0.0,0.07,0.73,0.0,16.8,21.53
106,20.07,0.0,0.0,1.0,0.0,16.47,21.07
107,19.6,0.0,0.2,0.8,0.0,13.6,20.6
108,19.73,0.0,0.4,0.87,0.0,15.67,21.0
109,19.93,0.0,0.07,1.0,0.0,14.73,21.0
110,20.53,0.0,0.0,1.0,0.0,16.07,21.53
111,21.93,0.0,0.0,1.0,0.0,15.4,22.93
112,21.87,0.0,0.4,1.0,0.0,15.8,23.27
113,21.73,0.0,1.13,1.0,0.0,19.13,23.86
114,22.73,0.0,0.53,1.0,0.0,20.07,24.26
115,21.67,0.0,0.87,1.0,0.0,17.33,23.54
116,22.2,0.0,0.4,1.0,0.0,15.33,23.6
117,20.2,0.0,1.0,1.07,0.0,16.33,22.27
118,20.47,0.0,0.8,0.93,0.0,16.27,22.2
119,20.13,0.0,0.2,0.93,0.0,15.67,21.26
120,17.93,0.0,1.07,1.0,0.0,14.47,20.0
121,18.93,0.0,0.73,1.0,0.0,16.8,20.66
122,19.87,0.0,0.13,0.73,0.0,17.53,20.73
123,19.87,0.0,0.07,0.0,0.0,13.2,19.94
124,21.2,0.0,0.0,0.0,0.0,13.33,21.2
125,23.13,0.0,0.0,0.0,0.0,12.87,23.13
126,24.0,0.0,0.0,0.0,0.0,9.73,24.0
127,24.8,0.0,0.13,0.0,0.0,10.13,24.93
128,24.0,0.0,0.2,0.0,0.0,10.4,24.2
129,24.53,0.0,0.0,0.0,0.0,11.73,24.53
130,26.8,0.0,0.0,0.0,0.0,15.07,26.8
131,25.73,0.0,0.07,0.0,0.0,14.93,25.8
132,26.13,0.0,0.07,0.0,0.0,14.4,26.2
133,24.86,0.0,0.43,0.0,0.0,16.5,25.29
134,26.13,0.0,0.0,0.0,0.0,15.8,26.13
135,23.8,0.0,0.13,0.0,0.0,17.07,23.93
136,23.87,0.0,0.07,0.0,0.0,17.33,23.94
137,21.8,0.0,0.13,0.0,0.0,15.53,21.93
138,21.0,0.0,0.33,0.0,0.0,15.27,21.33
139,19.13,0.0,0.0,0.13,0.0,13.07,19.26
140,18.73,0.0,0.07,1.0,0.0,13.27,19.8
141,17.93,0.0,0.0,1.0,0.0,12.6,18.93
142,17.33,0.0,0.07,1.0,0.0,11.73,18.4
143,18.13,0.0,0.13,1.0,0.0,12.73,19.26
144,18.67,0.0,0.2,1.0,0.0,12.8,19.87
145,19.07,0.0,0.33,1.0,0.0,12.33,20.4
146,18.47,0.0,0.87,1.0,0.0,14.0,20.34
147,17.93,0.0,0.2,0.93,0.07,14.2,19.13
148,17.4,0.0,0.27,0.87,0.13,16.0,18.67
149,17.8,0.0,0.2,0.8,0.2,16.93,19.0
150,15.47,0.0,0.2,0.47,0.07,16.27,16.21
151,14.33,0.0,1.07,1.0,0.0,12.67,16.4
152,14.67,0.0,1.27,1.0,0.0,14.47,16.94
153,13.73,0.0,0.93,1.0,0.0,16.47,15.66
154,12.67,0.0,1.07,0.4,0.0,15.47,14.14
155,12.73,0.0,1.0,0.0,0.0,14.47,13.73
156,14.33,0.0,1.0,0.0,0.0,13.53,15.33
157,14.0,0.0,1.13,0.0,0.0,13.53,15.13
158,16.13,0.0,1.27,0.0,0.0,14.13,17.4
159,16.73,0.0,0.93,0.0,0.0,14.0,17.66
160,20.27,0.0,0.6,0.0,0.0,13.2,20.87
161,21.27,0.0,0.47,0.0,0.0,11.27,21.74
162,22.87,0.0,0.33,0.0,0.0,12.67,23.2
163,20.6,0.0,0.13,0.0,0.0,14.13,20.73
164,19.53,0.0,0.07,0.0,0.0,14.53,19.6
165,18.2,0.0,0.13,0.0,0.0,13.4,18.33
166,16.07,0.0,0.0,0.0,0.0,13.0,16.07
167,18.0,0.0,0.67,0.0,0.0,12.73,18.67
168,16.47,0.0,1.07,0.0,0.0,12.53,17.54
169,15.27,0.13,0.93,0.0,0.0,14.07,16.33
170,15.87,1.0,1.0,0.0,0.0,14.8,17.87
171,17.93,0.6,1.4,0.0,0.0,16.53,19.93
172,18.6,0.0,1.8,0.0,0.0,15.93,20.4
173,15.8,0.0,1.73,0.0,0.0,14.6,17.53
174,16.2,0.0,2.07,0.0,0.0,13.27,18.27
175,17.13,0.0,1.67,0.0,0.0,12.73,18.8
176,17.53,0.0,2.07,0.0,0.0,15.87,19.6
177,17.33,0.0,1.8,0.0,0.0,13.73,19.13
178,19.07,0.0,2.07,0.0,0.0,13.33,21.14
179,19.53,0.0,1.93,0.0,0.0,15.47,21.46
180,19.53,0.0,1.87,0.0,0.0,15.93,21.4
181,19.4,0.0,1.6,0.0,0.0,16.87,21.0
182,19.8,0.0,1.27,0.0,0.0,15.0,21.07
183,19.2,0.0,1.8,0.0,0.0,13.4,21.0
184,18.13,0.0,2.13,0.0,0.0,15.0,20.26
185,20.13,0.0,1.33,0.0,0.0,14.47,21.46
186,21.93,0.0,1.13,0.0,0.0,15.53,23.06
187,19.93,0.0,1.13,0.0,0.0,16.47,21.06
188,20.93,0.0,1.0,0.0,0.0,17.0,21.93
189,19.47,0.0,1.0,0.0,0.0,14.73,20.47
190,16.33,0.27,1.0,0.0,0.0,16.4,17.6
191,19.2,0.67,1.07,0.0,0.0,12.2,20.94
192,18.73,1.0,1.13,0.0,0.0,16.13,20.86
193,16.93,1.0,1.13,0.0,0.0,13.93,19.06
194,16.33,1.0,1.07,0.0,0.0,14.93,18.4
195,16.27,1.0,1.13,0.0,0.0,15.2,18.4
196,16.2,1.0,1.13,0.0,0.0,16.13,18.33
197,17.2,1.0,1.6,0.0,0.0,14.4,19.8
198,18.2,1.0,1.67,0.0,0.0,13.6,20.87
199,20.73,1.07,1.93,0.0,0.0,14.87,23.73
200,20.93,1.0,2.43,0.0,0.0,16.64,24.36
201,23.13,1.0,2.67,0.0,0.0,18.47,26.8
202,24.33,1.0,2.27,0.0,0.0,12.67,27.6
203,23.13,1.0,2.33,0.4,0.0,15.33,26.86
204,22.47,1.0,2.33,0.4,0.0,14.8,26.2
205,20.2,1.07,2.2,0.33,0.0,14.4,23.8
206,22.4,2.2,2.53,0.0,0.0,12.8,27.13
207,22.33,3.07,2.0,0.0,0.0,13.6,27.4
208,21.67,3.0,2.07,0.0,0.0,13.8,26.74
209,24.0,3.0,2.07,0.0,0.0,11.67,29.07
210,22.0,3.93,2.07,0.0,0.0,11.8,28.0
211,21.27,4.0,2.07,0.0,0.0,11.93,27.34
212,21.47,4.07,2.0,0.0,0.0,11.93,27.54
213,21.8,4.4,1.8,0.0,0.0,10.4,28.0
214,23.07,4.93,2.0,0.0,0.0,8.93,30.0
215,23.73,4.73,2.8,0.0,0.0,10.0,31.26
216,22.27,5.27,2.33,0.0,0.0,10.87,29.87
217,23.4,7.07,1.73,0.0,0.0,8.27,32.2
218,24.67,6.73,2.13,0.0,0.0,6.53,33.53
219,22.87,7.6,0.93,0.0,0.0,4.93,31.4
220,20.87,8.2,1.47,0.0,0.0,7.4,30.54
221,18.27,9.2,1.0,0.0,0.0,11.33,28.47
222,17.4,8.0,1.0,0.0,0.0,10.87,26.4
223,17.2,8.0,0.07,0.0,0.0,11.73,25.27
224,17.13,8.0,0.13,0.0,0.0,11.67,25.26
225,16.67,7.87,0.07,0.0,0.0,11.27,24.61
226,16.0,7.07,0.13,0.0,0.0,11.0,23.2
227,15.4,7.0,0.0,0.0,0.0,14.33,22.4
228,15.07,7.0,0.07,0.0,0.0,14.0,22.14
229,14.27,7.2,0.0,0.4,0.0,15.87,21.87
230,13.8,6.27,0.0,0.8,0.0,15.87,20.87
231,12.6,7.13,0.0,0.07,0.0,15.2,19.8
232,11.53,7.87,0.2,0.0,0.0,14.47,19.6
233,12.47,7.53,0.0,0.0,0.0,13.87,20.0
234,12.93,7.4,0.0,0.0,0.0,15.33,20.33
235,12.6,6.4,0.2,0.0,0.0,13.47,19.2
236,11.6,6.47,0.0,0.0,0.0,14.53,18.07
237,10.8,6.6,0.07,0.0,0.0,13.87,17.47
238,11.07,6.33,0.13,0.0,0.0,12.8,17.53
239,11.93,6.53,0.0,0.0,0.0,11.8,18.46
240,12.93,6.93,0.0,0.0,0.0,13.0,19.86
241,14.27,6.67,0.07,0.0,0.0,10.53,21.01
242,13.27,6.13,0.0,0.0,0.0,12.67,19.4
243,11.8,6.33,0.2,0.0,0.0,12.33,18.33
244,10.8,5.13,0.2,0.0,0.0,11.93,16.13
245,11.27,4.0,0.0,0.0,0.0,12.2,15.27
246,11.67,5.27,0.0,0.0,0.0,12.27,16.94
247,11.67,4.0,0.13,0.0,0.0,12.93,15.8
248,12.13,3.13,0.0,0.0,0.0,14.13,15.26
249,11.93,3.07,0.0,0.0,0.0,14.53,15.0
250,12.27,1.6,0.0,0.0,0.0,15.13,13.87
251,13.0,2.0,0.0,0.0,0.0,15.0,15.0
252,12.53,2.13,0.0,0.0,0.0,15.33,14.66
253,12.47,1.67,0.0,0.0,0.0,15.4,14.14
254,11.93,1.0,0.0,0.0,0.0,15.13,12.93
255,12.67,1.0,0.2,0.0,0.0,14.8,13.87
256,16.2,1.0,0.0,0.0,0.0,12.53,17.2
257,17.33,0.33,0.0,0.0,0.0,14.6,17.66
258,18.33,0.0,0.0,0.0,0.0,15.53,18.33
259,20.87,0.0,0.0,0.0,0.0,16.47,20.87
260,20.07,0.0,0.0,0.0,0.0,15.67,20.07
261,19.6,0.0,0.0,0.0,0.0,16.4,19.6
262,20.33,0.0,0.0,0.0,0.0,14.73,20.33
263,20.53,0.0,0.0,0.0,0.0,14.8,20.53
264,19.4,0.0,0.0,0.0,0.0,13.27,19.4
265,19.6,0.2,0.0,0.0,0.0,13.8,19.8
266,20.07,1.0,0.07,0.0,0.0,14.79,21.14
267,19.07,1.0,0.47,0.0,0.0,14.93,20.54
268,20.6,1.0,0.93,0.0,0.0,14.33,22.53
269,21.53,1.0,0.53,0.0,0.0,14.8,23.06
270,21.87,1.0,1.07,0.07,0.0,15.93,24.01
271,22.13,1.0,0.87,0.0,0.0,15.47,24.0
272,21.6,1.0,0.27,0.0,0.0,15.93,22.87
273,21.8,1.0,0.4,0.0,0.0,15.47,23.2
274,22.0,1.0,0.6,0.0,0.0,14.47,23.6
275,22.2,1.0,0.4,0.0,0.0,14.0,23.6
276,20.47,0.93,0.87,0.0,0.0,16.07,22.27
277,20.33,1.0,0.2,0.0,0.0,12.87,21.53
278,19.4,1.0,0.13,0.0,0.0,17.27,20.53
279,19.87,1.27,0.87,0.0,0.0,18.8,22.01
280,20.73,2.0,0.53,0.0,0.0,18.73,23.26
281,19.8,2.0,0.6,0.0,0.0,16.73,22.4
282,21.87,2.0,0.47,0.0,0.0,15.67,24.34
283,22.2,2.0,0.53,0.0,0.0,19.13,24.73
284,23.13,2.0,0.2,0.0,0.0,20.07,25.33
285,20.73,2.0,0.2,0.0,0.0,21.67,22.93
286,19.73,1.93,0.53,0.0,0.0,20.2,22.19
287,20.93,2.0,0.0,0.0,0.0,17.8,22.93
288,23.13,2.0,0.0,0.0,0.0,17.4,25.13
289,22.53,2.2,0.07,0.0,0.0,18.6,24.8
290,22.2,3.0,0.13,0.0,0.0,19.33,25.33
291,22.53,3.0,0.87,0.0,0.0,20.53,26.4
292,22.2,3.0,0.93,0.0,0.0,20.6,26.13
293,21.47,3.0,0.47,0.0,0.0,21.33,24.94
294,21.87,2.87,0.4,0.0,0.0,21.67,25.14
295,25.07,2.93,0.2,0.0,0.0,19.2,28.2
296,24.87,3.0,0.2,0.0,0.0,19.07,28.07
297,25.2,3.0,0.0,0.0,0.0,17.73,28.2
298,25.73,3.0,0.0,0.0,0.0,16.07,28.73
299,25.67,3.0,0.0,0.0,0.0,16.6,28.67
300,25.87,3.0,0.13,0.0,0.0,16.2,29.0
301,27.53,2.87,0.53,0.0,0.0,15.4,30.93
302,27.47,2.47,0.73,0.0,0.0,13.47,30.67
303,25.6,3.07,0.6,0.0,0.0,14.87,29.27
304,26.87,3.0,0.53,0.0,0.0,14.53,30.4
305,26.73,3.0,0.2,0.0,0.0,13.6,29.93
306,26.93,3.0,0.67,0.0,0.0,13.33,30.6
307,27.73,3.0,0.8,0.0,0.0,12.27,31.53
308,25.8,3.0,0.47,0.0,0.0,12.47,29.27
309,23.47,2.93,0.6,0.0,0.0,11.73,27.0
310,25.33,2.67,0.0,0.0,0.0,12.4,28.0
311,23.07,1.67,0.13,0.0,0.0,11.27,24.87
312,21.53,1.4,0.0,0.0,0.0,12.13,22.93
313,19.93,1.0,0.07,0.0,0.0,11.47,21.0
314,20.0,1.0,0.0,0.0,0.0,9.73,21.0
315,19.47,1.0,0.0,0.0,0.0,11.6,20.47
316,17.2,1.0,0.0,0.0,0.0,12.13,18.2
317,18.33,1.0,0.0,0.0,0.0,9.92,19.33
